Ward name,New code,Population density (persons per sq km) - 2013,In employment (16-64) - 2011,Employment rate (16-64) - 2011,Median House Price (£) - 2014,Average GCSE capped point scores - 2014,A-Level Average Point Score Per Student - 2013/14,"Deliberate Fires per 1,000 population - 2014"
City of London,E09000001,"2,538",4555,79.6,"£765,000",355,662.9,0.4
Barking and Dagenham - Abbey,E05000026,"10,500",5444,60.3,"£173,000",318,682.6,1.4
Barking and Dagenham - Alibon,E05000027,"7,429",4143,63.1,"£215,000",307,627.9,0.7
Barking and Dagenham - Becontree,E05000028,"9,269",4598,61.2,"£210,000",295,632,1.2
Barking and Dagenham - Chadwell Heath,E05000029,"2,985",3819,63.6,"£240,500",293,613.9,1.3
Barking and Dagenham - Eastbrook,E05000030,"3,029",4592,68.2,"£240,000",306,670.1,0.8
Barking and Dagenham - Eastbury,E05000031,"8,357",4546,61.5,"£220,000",316,680.8,0.6
Barking and Dagenham - Gascoigne,E05000032,"12,773",4382,56.4,"£200,000",301,662.1,0.9
Barking and Dagenham - Goresbrook,E05000033,"8,692",4544,63.6,"£205,000",302,693.7,0.9
Barking and Dagenham - Heath,E05000034,"5,475",4043,61.4,"£215,000",297,656.7,2
Barking and Dagenham - Longbridge,E05000035,"7,281",4894,65.2,"£312,750",338,697.2,0.4
Barking and Dagenham - Mayesbrook,E05000036,"5,474",3978,61.9,"£212,000",305,648.5,0.7
Barking and Dagenham - Parsloes,E05000037,"8,250",3785,61.5,"£213,000",312,665.9,0.9
Barking and Dagenham - River,E05000038,"3,167",4420,64.2,"£205,500",300,632.6,1.3
Barking and Dagenham - Thames,E05000039,"1,867",4081,60.5,"£219,000",307,651.6,1.7
Barking and Dagenham - Valence,E05000040,"7,692",3873,63.1,"£215,000",303,661.1,0.2
Barking and Dagenham - Village,E05000041,"5,167",4242,61.7,"£202,500",302,643.6,1.1
Barking and Dagenham - Whalebone,E05000042,"6,781",4617,67.5,"£235,000",311,645.2,0.5
Barnet - Brunswick Park,E05000043,"5,219",7603,71.4,"£435,000",339,724.4,0.1
Barnet - Burnt Oak,E05000044,"8,857",7674,63.7,"£250,000",314,641,0.7
Barnet - Childs Hill,E05000045,"6,516",9309,67.9,"£507,500",336,672.2,0.1
Barnet - Colindale,E05000046,"8,250",7344,61.9,"£302,500",308,641.3,0.2
Barnet - Coppetts,E05000047,"6,426",8630,71.5,"£335,000",343,704.5,0.5
Barnet - East Barnet,E05000048,"4,303",7566,71.5,"£368,000",337,690.7,0.1
Barnet - East Finchley,E05000049,"6,440",8153,74.9,"£437,500",350,715.1,0.2
Barnet - Edgware,E05000050,"3,018",7259,69,"£455,000",327,736.8,0.2
Barnet - Finchley Church End,E05000051,"5,926",7386,72.6,"£528,000",361,779.4,0.2
Barnet - Garden Suburb,E05000052,"3,436",7373,73.1,"£825,000",369,879.7,0.1
Barnet - Golders Green,E05000053,"7,150",7635,66.7,"£555,250",342,739.9,0.2
Barnet - Hale,E05000054,"3,250",7828,70.7,"£397,250",326,734.8,0.3
Barnet - Hendon,E05000055,"6,625",8381,66.7,"£350,000",353,791.3,0.4
Barnet - High Barnet,E05000056,"1,874",7421,74.5,"£419,423",353,760.5,0.4
Barnet - Mill Hill,E05000057,"2,011",8329,70.5,"£520,000",353,733.2,0.2
Barnet - Oakleigh,E05000058,"4,833",7486,73.4,"£366,000",347,748.4,0.1
Barnet - Totteridge,E05000059,"1,796",6849,71.6,"£627,750",369,744.5,0.2
Barnet - Underhill,E05000060,"3,554",6874,68.3,"£389,950",320,659.4,0.4
Barnet - West Finchley,E05000061,"7,591",8583,74.2,"£385,000",369,725.9,0.2
Barnet - West Hendon,E05000062,"5,279",8051,67.2,"£346,250",340,725.6,0.3
Barnet - Woodhouse,E05000063,"6,846",8568,72,"£370,000",357,696.5,0.2
Bexley - Barnehurst,E05000064,"3,672",4958,75.8,"£250,000",326,757.6,0.4
Bexley - Belvedere,E05000065,"3,828",5439,70.4,"£179,500",306,694.4,1.2
Bexley - Blackfen and Lamorbey,E05000066,"6,353",5157,77.3,"£280,000",333,750.3,0.2
Bexley - Blendon and Penhill,E05000067,"5,286",5336,78.2,"£275,000",340,725.5,0.3
Bexley - Brampton,E05000068,"5,350",4995,76.6,"£315,000",325,688.4,0
Bexley - Christchurch,E05000069,"4,500",5368,77,"£275,000",343,707.2,0.4
Bexley - Colyers,E05000070,"7,094",4951,70.2,"£247,000",298,647.2,0.3
Bexley - Crayford,E05000071,"2,925",5236,73.2,"£231,500",301,705.3,0.8
Bexley - Cray Meadows,E05000072,"1,583",4952,71.4,"£285,000",325,735.7,0.5
Bexley - Danson Park,E05000073,"4,093",5217,75,"£265,750",337,728.7,0.6
Bexley - East Wickham,E05000074,"5,023",5028,73.5,"£259,498",332,691.1,0.5
Bexley - Erith,E05000075,"2,615",5266,67.6,"£181,000",312,627.7,1.6
Bexley - Falconwood and Welling,E05000076,"6,471",5362,76.2,"£280,000",336,691.5,0.3
Bexley - Lesnes Abbey,E05000077,"4,792",5023,69.7,"£257,500",303,691.8,1.5
Bexley - Longlands,E05000078,"4,096",4882,75.4,"£250,000",349,712.1,0.3
Bexley - North End,E05000079,"2,070",4584,63.3,"£204,498",286,637.5,2.4
Bexley - Northumberland Heath,E05000080,"5,972",5016,73.6,"£250,000",325,668.7,0.7
Bexley - St. Mary's,E05000081,"2,421",4934,77.3,"£315,000",359,762.7,0.6
Bexley - St. Michael's,E05000082,"8,071",5423,75.9,"£280,000",327,730.2,0
Bexley - Sidcup,E05000083,"4,093",5150,74,"£280,000",348,779.7,0.2
Bexley - Thamesmead East,E05000084,"2,583",4997,62.6,"£190,000",305,707.1,0.7
Brent - Alperton,E05000085,"7,048",6753,67.4,"£249,950",319,659.1,0.3
Brent - Barnhill,E05000086,"5,367",6768,64.2,"£333,000",322,697.3,0.1
Brent - Brondesbury Park,E05000087,"7,794",6646,71.8,"£465,000",355,689.6,0.5
Brent - Dollis Hill,E05000088,"5,935",5254,61.5,"£306,000",298,659.3,0.2
Brent - Dudden Hill,E05000089,"9,118",6936,65.9,"£495,000",312,692.3,0.3
Brent - Fryent,E05000090,"5,130",6015,66.5,"£263,750",327,650.4,0.4
Brent - Harlesden,E05000091,"15,773",6738,59.3,"£305,500",305,636.8,0.2
Brent - Kensal Green,E05000092,"13,682",7330,68.8,"£500,000",308,658.4,0
Brent - Kenton,E05000093,"5,413",5637,70.3,"£440,000",357,743,0.4
Brent - Kilburn,E05000094,"19,333",8518,68.9,"£444,632",319,614.8,0.2
Brent - Mapesbury,E05000095,"11,357",8290,70.6,"£450,000",314,682.8,0.4
Brent - Northwick Park,E05000096,"4,889",6055,67.4,"£470,000",346,708.3,0.2
Brent - Preston,E05000097,"6,542",6964,67,"£350,000",339,718.8,0.1
Brent - Queens Park,E05000098,"10,300",8501,75.8,"£677,500",346,743,0.1
Brent - Queensbury,E05000099,"8,050",6945,67.7,"£366,000",332,742.9,0.2
Brent - Stonebridge,E05000100,"4,232",5789,54.2,"£249,950",299,654.9,0.1
Brent - Sudbury,E05000101,"7,238",6931,67.4,"£249,950",331,687,0
Brent - Tokyngton,E05000102,"6,161",7164,67.5,"£322,500",311,682.8,0.2
Brent - Welsh Harp,E05000103,"6,065",5999,64.9,"£292,475",316,666.9,0.2
Brent - Wembley Central,E05000104,"9,719",6963,65.6,"£250,000",306,731,0.1
Brent - Willesden Green,E05000105,"10,600",7834,68.6,"£409,500",297,614.7,0.2
Bromley - Bickley,E05000106,"3,133",7004,76,"£480,000",359,803.2,0.4
Bromley - Biggin Hill,E05000107,"1,223",5104,79.2,"£269,950",312,699.1,0.4
Bromley - Bromley Common and Keston,E05000108,"1,898",6930,73.2,"£350,000",342,735.3,0.4
Bromley - Bromley Town,E05000109,"4,797",8832,78.6,"£327,000",340,772.5,0.2
Bromley - Chelsfield and Pratts Bottom,E05000110,"1,167",6957,77.3,"£400,000",364,760.8,0.4
Bromley - Chislehurst,E05000111,"1,462",6732,75.1,"£395,000",343,782.5,0.4
Bromley - Clock House,E05000112,"6,870",8308,77.7,"£308,750",338,720.5,0.4
Bromley - Copers Cope,E05000113,"4,773",8569,79.5,"£315,000",336,798.3,0.2
Bromley - Cray Valley East,E05000114,"1,177",6623,69.3,"£242,000",297,647.3,2.9
Bromley - Cray Valley West,E05000115,"4,372",6947,67.4,"£250,000",303,677.4,0.7
Bromley - Crystal Palace,E05000116,"5,478",6215,69.5,"£250,000",287,690.1,1.6
Bromley - Darwin,E05000117,181,2293,75,"£445,000",337,705.6,0.4
Bromley - Farnborough and Crofton,E05000118,"2,121",6412,75.1,"£395,000",355,833.6,0.6
Bromley - Hayes and Coney Hall,E05000119,"1,500",7529,76.3,"£441,250",349,772.9,0.3
Bromley - Kelsey and Eden Park,E05000120,"3,106",7470,75.5,"£421,599",355,707.1,0.1
Bromley - Mottingham and Chislehurst North,E05000121,"4,250",4313,67.9,"£250,000",296,732.5,1.4
Bromley - Orpington,E05000122,"3,616",6648,72.8,"£340,000",329,752.5,0.8
Bromley - Penge and Cator,E05000123,"5,883",8475,70.4,"£320,000",323,701.1,1.3
Bromley - Petts Wood and Knoll,E05000124,"3,221",6258,75.4,"£485,000",357,818,0.1
Bromley - Plaistow and Sundridge,E05000125,"3,850",7283,73.5,"£295,444",327,768.3,0.3
Bromley - Shortlands,E05000126,"4,020",4629,76.3,"£468,000",381,722.9,0.2
Bromley - West Wickham,E05000127,"3,443",6917,76.8,"£475,000",370,746.5,0
Camden - Belsize,E05000128,"15,938",6670,74.4,"£850,000",328,643.9,0.4
Camden - Bloomsbury,E05000129,"11,650",4639,51.4,"£560,000",343,662.7,0.2
Camden - Camden Town with Primrose Hill,E05000130,"10,792",6413,69.4,"£813,500",338,683.6,0.4
Camden - Cantelowes,E05000131,"15,375",5731,64.3,"£560,000",317,723.8,0.6
Camden - Fortune Green,E05000132,"12,000",6598,74.6,"£575,000",326,594.2,0
Camden - Frognal and Fitzjohns,E05000133,"8,133",5692,69.8,"£955,000",357,864,0.1
Camden - Gospel Oak,E05000134,"16,357",5031,65.5,"£599,999",323,706.6,0.4
Camden - Hampstead Town,E05000135,"4,540",5750,76.6,"£1,190,000",384,732.2,0.3
Camden - Haverstock,E05000136,"18,000",5401,62.9,"£547,305",297,658.3,0.2
Camden - Highgate,E05000137,"3,484",5163,70.4,"£650,000",316,659.5,0.4
Camden - Holborn and Covent Garden,E05000138,"11,250",6266,61.9,"£685,000",339,678.8,0.1
Camden - Kentish Town,E05000139,"13,750",7131,71.3,"£630,100",305,691.1,0.4
Camden - Kilburn,E05000140,"17,500",5745,66.8,"£468,000",314,660.9,0.1
Camden - King's Cross,E05000141,"20,833",4277,46.1,"£625,000",322,651.3,0.3
Camden - Regent's Park,E05000142,"10,962",5474,54.4,"£600,000",320,706.6,1.2
Camden - St. Pancras and Somers Town,E05000143,"10,786",5173,53,"£465,000",314,626.3,0.4
Camden - Swiss Cottage,E05000144,"10,077",6710,72.3,"£740,500",305,627,0.4
Camden - West Hampstead,E05000145,"13,722",7259,76.2,"£622,500",328,659.2,0
Croydon - Addiscombe,E05000146,"10,844",8956,74.1,"£250,000",318,721.6,0.1
Croydon - Ashburton,E05000147,"5,556",6863,71.7,"£347,000",320,700.6,0.4
Croydon - Bensham Manor,E05000148,"11,750",7344,67.5,"£246,250",312,680.2,0
Croydon - Broad Green,E05000149,"7,185",8096,64.6,"£231,000",309,678.6,1.2
Croydon - Coulsdon East,E05000150,"1,630",5534,73.9,"£375,000",335,709,0.7
Croydon - Coulsdon West,E05000151,"2,770",6565,75.5,"£361,000",352,748.3,0.4
Croydon - Croham,E05000152,"4,614",8417,76.5,"£250,000",341,713.1,0.2
Croydon - Fairfield,E05000153,"5,066",8567,73.1,"£236,000",317,658.5,0.2
Croydon - Fieldway,E05000154,"7,800",3947,58.5,"£220,000",276,631.7,2.5
Croydon - Heathfield,E05000155,"1,552",6385,74.3,"£260,000",309,713.6,1
Croydon - Kenley,E05000156,"2,369",7217,75,"£340,000",330,718.8,0.2
Croydon - New Addington,E05000157,"4,604",4273,64.4,"£245,000",290,680.5,2
Croydon - Norbury,E05000158,"6,740",7506,69.5,"£350,000",327,694.1,0.2
Croydon - Purley,E05000159,"3,607",7086,74.1,"£320,000",346,759.4,0.1
Croydon - Sanderstead,E05000160,"2,071",5928,74.9,"£392,500",347,755,0.1
Croydon - Selhurst,E05000161,"7,978",7821,64.7,"£212,998",317,666.1,0.8
Croydon - Selsdon and Ballards,E05000162,"1,883",5821,76.4,"£344,000",340,706.9,0.5
Croydon - Shirley,E05000163,"5,214",6476,72.3,"£320,000",319,656.5,0.6
Croydon - South Norwood,E05000164,"6,979",7805,68.7,"£240,000",319,717.1,0.2
Croydon - Thornton Heath,E05000165,"9,853",7275,66.8,"£250,000",298,649.9,0.5
Croydon - Upper Norwood,E05000166,"6,308",7616,69.7,"£289,750",318,700.3,0.4
Croydon - Waddon,E05000167,"4,847",7964,69.9,"£243,250",305,692,0.4
Croydon - West Thornton,E05000168,"8,925",7397,64.6,"£235,000",318,675.9,0.4
Croydon - Woodside,E05000169,"7,727",7821,69,"£250,000",299,680.9,0.5
Ealing - Acton Central,E05000170,"8,750",7576,69.4,"£570,000",336,726.2,0.4
Ealing - Cleveland,E05000171,"6,750",6625,68.6,"£500,000",339,727.2,0.1
Ealing - Dormers Wells,E05000172,"6,152",5600,61,"£265,000",308,672.1,0.4
Ealing - Ealing Broadway,E05000173,"7,868",7745,75.1,"£459,970",349,773,0.2
Ealing - Ealing Common,E05000174,"6,810",7687,74.6,"£536,000",339,685.9,0.2
Ealing - East Acton,E05000175,"4,523",9269,68.3,"£390,500",306,696.4,0.4
Ealing - Elthorne,E05000176,"7,450",7500,73.1,"£408,750",313,710,0.3
Ealing - Greenford Broadway,E05000177,"7,120",7668,66.4,"£249,000",315,682.9,0.3
Ealing - Greenford Green,E05000178,"4,265",7003,72.6,"£307,000",325,720.1,0.1
Ealing - Hanger Hill,E05000179,"4,788",7640,71.9,"£519,000",330,687,0.3
Ealing - Hobbayne,E05000180,"6,523",6644,70.6,"£386,250",328,711.2,0.3
Ealing - Lady Margaret,E05000181,"9,433",6368,66.6,"£285,000",337,716.2,0.4
Ealing - Northfield,E05000182,"9,133",7455,78.6,"£615,000",380,793,0.1
Ealing - North Greenford,E05000183,"4,656",7263,72.3,"£345,000",323,700.5,0.3
Ealing - Northolt Mandeville,E05000184,"5,482",6724,67.3,"£300,000",303,662.9,0.6
Ealing - Northolt West End,E05000185,"4,371",6057,61.9,"£226,111",320,677.2,0.5
Ealing - Norwood Green,E05000186,"3,750",5521,57.3,"£257,500",309,719.9,0.6
Ealing - Perivale,E05000187,"4,574",7544,71.4,"£367,500",340,733.2,0.3
Ealing - South Acton,E05000188,"9,206",6938,68.1,"£440,000",321,657.4,0.3
Ealing - Southall Broadway,E05000189,"9,344",5425,59.1,"£250,000",316,732.9,0.4
Ealing - Southall Green,E05000190,"9,406",6042,59.7,"£243,000",306,686,0.6
Ealing - Southfield,E05000191,"9,714",7601,77.6,"£780,000",351,698.3,0.1
Ealing - Walpole,E05000192,"9,033",7364,77.3,"£612,500",371,787.6,0.3
Enfield - Bowes,E05000193,"9,733",7292,71.9,"£319,995",330,702.2,0.5
Enfield - Bush Hill Park,E05000194,"5,720",6585,73,"£360,200",353,671.8,0.6
Enfield - Chase,E05000195,834,6180,69.5,"£324,000",317,684.9,0.6
Enfield - Cockfosters,E05000196,"1,370",5885,66.9,"£472,000",340,777.3,0.6
Enfield - Edmonton Green,E05000197,"5,952",6144,53.8,"£210,000",294,644.3,0.6
Enfield - Enfield Highway,E05000198,"3,576",6112,60.1,"£250,000",311,638.3,1
Enfield - Enfield Lock,E05000199,"5,167",6586,62,"£217,250",303,659.6,0.7
Enfield - Grange,E05000200,"4,015",6045,74.8,"£360,000",364,762.6,0.4
Enfield - Haselbury,E05000201,"9,278",6292,59.3,"£260,000",307,677.2,0.5
Enfield - Highlands,E05000202,"2,647",6120,72.9,"£375,000",347,719,0.3
Enfield - Jubilee,E05000203,"3,782",5744,62.2,"£250,000",310,624.8,0.5
Enfield - Lower Edmonton,E05000204,"7,682",6057,57.9,"£248,000",304,629.4,0.2
Enfield - Palmers Green,E05000205,"8,263",7225,70.2,"£353,500",337,732.4,0.2
Enfield - Ponders End,E05000206,"4,771",5902,58,"£248,000",314,634.1,0.4
Enfield - Southbury,E05000207,"5,172",6183,65,"£265,000",327,641.5,0.7
Enfield - Southgate,E05000208,"5,537",6886,71.1,"£347,500",361,746.4,0.4
Enfield - Southgate Green,E05000209,"5,539",6464,70.4,"£500,000",348,796,0.3
Enfield - Town,E05000210,"6,955",7349,75.9,"£350,000",328,659.9,0.3
Enfield - Turkey Street,E05000211,"6,435",5507,60.9,"£250,000",306,633.3,0.3
Enfield - Upper Edmonton,E05000212,"6,778",6599,58.4,"£250,000",291,636.6,0.9
Enfield - Winchmore Hill,E05000213,"4,929",6715,75.1,"£435,000",351,767.7,0.5
Greenwich - Abbey Wood,E05000214,"5,722",6347,63.6,"£250,000",301,683.8,1.5
Greenwich - Blackheath Westcombe,E05000215,"6,048",6675,75.5,"£427,500",327,754.4,0.2
Greenwich - Charlton,E05000216,"7,050",6572,67.7,"£363,000",316,708.9,0.7
Greenwich - Coldharbour and New Eltham,E05000217,"5,180",5957,70.7,"£325,000",319,688.8,0.4
Greenwich - Eltham North,E05000218,"4,789",6087,75.1,"£345,000",339,755.9,0.3
Greenwich - Eltham South,E05000219,"2,717",5537,64.9,"£288,750",352,703.8,0.6
Greenwich - Eltham West,E05000220,"4,667",4374,64,"£315,500",311,690.1,0.2
Greenwich - Glyndon,E05000221,"10,441",7961,62.5,"£224,995",317,687.1,0.6
Greenwich - Greenwich West,E05000222,"6,054",8485,68.6,"£450,000",311,642.9,0.6
Greenwich - Kidbrooke with Hornfair,E05000223,"5,854",6525,67.3,"£260,050",313,743.4,0.3
Greenwich - Middle Park and Sutcliffe,E05000224,"4,046",5652,65.6,"£292,755",329,714.3,0.6
Greenwich - Peninsula,E05000225,"4,156",7798,74.2,"£379,000",303,723.8,0.2
Greenwich - Plumstead,E05000226,"6,854",7282,63.9,"£249,000",306,712.8,1.1
Greenwich - Shooters Hill,E05000227,"3,487",6242,69.5,"£270,000",320,714.4,0.1
Greenwich - Thamesmead Moorings,E05000228,"4,219",8273,62.9,"£190,000",311,711,1.5
Greenwich - Woolwich Common,E05000229,"6,904",7113,60.5,"£267,500",313,669.2,0.6
Greenwich - Woolwich Riverside,E05000230,"6,359",8681,64.7,"£266,250",309,667.2,0.4
Hackney - Brownswood,E05000231,"15,188",6334,72,"£440,000",295,656.5,0.3
Hackney - Cazenove,E05000232,"19,214",5744,64.8,"£375,000",320,624.3,0
Hackney - Chatham,E05000233,"15,056",5930,63,"£415,000",326,680.5,0.6
Hackney - Clissold,E05000234,"17,643",6683,73.3,"£499,950",346,728.5,0.5
Hackney - Dalston,E05000235,"17,000",8021,70.4,"£485,000",332,680,0.4
Hackney - De Beauvoir,E05000236,"16,000",7456,71.1,"£480,000",315,684.5,0.6
Hackney - Hackney Central,E05000237,"16,000",6240,66.6,"£450,000",328,678,0.3
Hackney - Hackney Downs,E05000238,"13,100",6214,65.1,"£433,000",318,735.7,0.3
Hackney - Haggerston,E05000239,"12,167",7346,67.4,"£452,500",295,638.2,0.6
Hackney - Hoxton,E05000240,"19,750",7412,62.7,"£475,000",323,633.3,0.5
Hackney - King's Park,E05000241,"6,306",4166,57.6,"£383,000",321,680.1,0.4
Hackney - Leabridge,E05000242,"12,955",6620,65.6,"£375,000",339,667.9,0.5
Hackney - Lordship,E05000243,"10,333",5089,64.6,"£420,000",336,683.6,0.2
Hackney - New River,E05000244,"13,450",4631,58.2,"£340,000",320,641.4,0.5
Hackney - Queensbridge,E05000245,"12,727",6868,67.7,"£465,000",294,708.6,0.4
Hackney - Springfield,E05000246,"12,500",3994,53.8,"£285,000",332,663,0.3
Hackney - Stoke Newington Central,E05000247,"18,214",7032,73.4,"£483,125",328,715.1,0.2
Hackney - Victoria,E05000248,"16,813",6251,65.6,"£471,250",321,677.3,0.6
Hackney - Wick,E05000249,"7,500",4949,60.4,"£340,000",311,679.9,0.6
Hammersmith and Fulham - Addison,E05000250,"19,083",6873,76.2,"£572,500",331,635.5,0.1
Hammersmith and Fulham - Askew,E05000251,"17,563",7621,71.8,"£500,000",313,668,0.1
Hammersmith and Fulham - Avonmore and Brook Green,E05000252,"13,722",6573,69.5,"£618,250",343,656.2,0.1
Hammersmith and Fulham - College Park and Old Oak,E05000253,"2,897",4075,62.6,"£458,000",317,669.2,1.3
Hammersmith and Fulham - Fulham Broadway,E05000254,"16,000",6064,72.4,"£805,000",294,635.3,0.1
Hammersmith and Fulham - Fulham Reach,E05000255,"12,778",6331,71,"£786,250",343,584.6,0.1
Hammersmith and Fulham - Hammersmith Broadway,E05000256,"10,955",6161,69.9,"£741,250",325,587.2,0.1
Hammersmith and Fulham - Munster,E05000257,"18,250",6462,76.7,"£745,000",280,709.1,0.2
Hammersmith and Fulham - North End,E05000258,"20,083",6805,72.7,"£558,000",300,636.1,0.4
Hammersmith and Fulham - Palace Riverside,E05000259,"5,000",3720,74.3,"£950,000",309,713.4,0
Hammersmith and Fulham - Parsons Green and Walham,E05000260,"11,944",5716,73.7,"£1,330,000",321,775.2,0.2
Hammersmith and Fulham - Ravenscourt Park,E05000261,"9,000",5531,72.2,"£704,000",340,674.5,0.2
Hammersmith and Fulham - Sands End,E05000262,"9,321",6518,69.3,"£827,750",321,637.3,0.1
Hammersmith and Fulham - Shepherd's Bush Green,E05000263,"11,318",6797,72,"£440,000",332,688.2,0.2
Hammersmith and Fulham - Town,E05000264,"15,929",6512,76.4,"£690,000",334,676.8,0.1
Hammersmith and Fulham - Wormholt and White City,E05000265,"14,944",5694,62.2,"£427,500",309,659,0.1
Haringey - Alexandra,E05000266,"4,596",6189,76.7,"£625,000",382,780.3,0.2
Haringey - Bounds Green,E05000267,"10,036",6822,69,"£332,350",335,662.8,0.3
Haringey - Bruce Grove,E05000268,"16,389",6192,61.8,"£325,000",299,660.2,0.5
Haringey - Crouch End,E05000269,"8,964",7537,80.9,"£563,750",366,770.7,0.2
Haringey - Fortis Green,E05000270,"6,400",6423,75.9,"£465,000",375,791.6,0.5
Haringey - Harringay,E05000271,"8,563",7404,71.8,"£430,000",303,709,0.2
Haringey - Highgate,E05000272,"4,740",6704,79,"£732,500",316,669.3,0.2
Haringey - Hornsey,E05000273,"11,727",6753,72.4,"£419,000",329,685.1,0.1
Haringey - Muswell Hill,E05000274,"6,412",5922,78.4,"£820,000",375,841,0.6
Haringey - Noel Park,E05000275,"11,958",6382,63.2,"£350,000",302,648.9,0.7
Haringey - Northumberland Park,E05000276,"7,763",4914,52.3,"£252,500",293,626.1,0.6
Haringey - St. Ann's,E05000277,"14,000",7038,65.6,"£370,000",305,675.4,0.5
Haringey - Seven Sisters,E05000278,"12,500",6671,63.7,"£372,500",320,643.7,0.7
Haringey - Stroud Green,E05000279,"10,909",6982,77.3,"£477,500",335,751.4,0.2
Haringey - Tottenham Green,E05000280,"10,929",6379,61.3,"£326,500",292,638.2,0.5
Haringey - Tottenham Hale,E05000281,"8,553",5816,56.3,"£251,500",301,633.3,0.4
Haringey - West Green,E05000282,"9,821",5989,63.3,"£350,000",309,691.2,0.7
Haringey - White Hart Lane,E05000283,"8,059",4726,54.8,"£267,000",315,632.6,0.5
Haringey - Woodside,E05000284,"10,000",6992,66.6,"£345,000",301,677.2,0.4
Harrow - Belmont,E05000285,"6,444",5355,71.8,"£435,000",356,746.3,0.2
Harrow - Canons,E05000286,"2,339",5566,71.9,"£402,500",341,760.7,0.2
Harrow - Edgware,E05000287,"8,571",5458,68.6,"£357,500",334,700.1,0.2
Harrow - Greenhill,E05000288,"7,618",6427,71.1,"£272,000",318,756.2,0.3
Harrow - Harrow on the Hill,E05000289,"3,528",5651,68.2,"£343,000",343,729.8,0.2
Harrow - Harrow Weald,E05000290,"2,533",4964,69.1,"£384,000",324,726.9,0.1
Harrow - Hatch End,E05000291,"3,303",4812,73.2,"£500,000",351,773.7,0.1
Harrow - Headstone North,E05000292,"3,136",4873,73.8,"£427,500",360,729.8,0.1
Harrow - Headstone South,E05000293,"7,667",5406,71.7,"£322,500",351,794.5,0.2
Harrow - Kenton East,E05000294,"8,846",5251,68.5,"£380,000",337,724.7,0.1
Harrow - Kenton West,E05000295,"6,389",5430,71.6,"£434,475",342,702.2,0.2
Harrow - Marlborough,E05000296,"8,000",5758,68.4,"£268,950",323,689.6,0.5
Harrow - Pinner,E05000297,"3,106",4466,71.8,"£400,000",332,766.4,0.5
Harrow - Pinner South,E05000298,"4,417",4833,75.2,"£520,000",369,866.2,0.1
Harrow - Queensbury,E05000299,"7,688",5490,68.1,"£390,000",332,727.8,n/a
Harrow - Rayners Lane,E05000300,"7,600",5206,71.5,"£380,000",350,751.2,0.4
Harrow - Roxbourne,E05000301,"8,733",5469,64.8,"£290,000",321,685.4,0.3
Harrow - Roxeth,E05000302,"7,469",5288,68.6,"£355,000",335,669.5,0.2
Harrow - Stanmore Park,E05000303,"2,544",4637,68.6,"£555,000",313,736.6,0.2
Harrow - Wealdstone,E05000304,"9,708",4869,65.1,"£310,000",315,676.4,0.3
Harrow - West Harrow,E05000305,"7,067",4949,71.5,"£363,500",357,728.5,0.4
Havering - Brooklands,E05000306,"3,786",7118,72.7,"£207,500",307,648,0.9
Havering - Cranham,E05000307,"1,902",5608,75.6,"£320,000",337,733.7,0.5
Havering - Elm Park,E05000308,"3,392",5738,73.4,"£250,000",322,664.1,0.8
Havering - Emerson Park,E05000309,"2,609",5549,74.3,"£365,000",352,762.9,0.2
Havering - Gooshays,E05000310,"1,917",5909,63,"£229,000",284,564.6,1.9
Havering - Hacton,E05000311,"4,960",5919,75.7,"£296,500",341,701.2,0.2
Havering - Harold Wood,E05000312,"1,730",5946,72.2,"£250,000",292,628.7,0.6
Havering - Havering Park,E05000313,"1,327",5645,69.1,"£250,000",291,609,1.1
Havering - Heaton,E05000314,"3,779",4946,64.3,"£217,000",298,509.6,1.9
Havering - Hylands,E05000315,"4,500",6483,75.6,"£275,000",341,660.3,0.5
Havering - Mawneys,E05000316,"4,317",5907,73.2,"£250,000",313,615.8,0.4
Havering - Pettits,E05000317,"3,238",6030,74.9,"£295,000",322,647,0.2
Havering - Rainham and Wennington,E05000318,754,5738,72.4,"£240,000",304,618.4,1
Havering - Romford Town,E05000319,"5,931",8096,74.4,"£225,000",314,645.1,0.8
Havering - St. Andrew's,E05000320,"4,982",6366,76.1,"£272,500",328,647.2,0.7
Havering - South Hornchurch,E05000321,"2,199",5953,70.5,"£242,000",305,657,0.9
Havering - Squirrel's Heath,E05000322,"5,096",6722,77.3,"£280,250",335,658.2,0.1
Havering - Upminster,E05000323,571,5951,76.4,"£420,000",352,765.2,0.8
Hillingdon - Barnhill,E05000324,"6,595",5775,65,"£250,000",317,645.2,0.5
Hillingdon - Botwell,E05000325,"3,546",6346,64,"£250,000",312,678.1,1.2
Hillingdon - Brunel,E05000326,"4,424",5848,57.5,"£273,750",294,675.2,0.5
Hillingdon - Cavendish,E05000327,"6,000",5755,77.6,"£400,000",347,734.9,0.3
Hillingdon - Charville,E05000328,"4,350",5794,71,"£275,000",334,688.4,0.2
Hillingdon - Eastcote and East Ruislip,E05000329,"3,049",5804,76.8,"£500,000",351,764.3,0
Hillingdon - Harefield,E05000330,500,3571,75.7,"£310,000",307,701.7,2.4
Hillingdon - Heathrow Villages,E05000331,547,6107,71.7,"£209,000",320,681.5,1.3
Hillingdon - Hillingdon East,E05000332,"3,722",6074,72.4,"£311,000",327,717.7,0.5
Hillingdon - Ickenham,E05000333,"1,726",4884,76.6,"£521,000",367,713.7,0.2
Hillingdon - Manor,E05000334,"5,875",5903,80.5,"£372,500",351,710.8,0
Hillingdon - Northwood,E05000335,"1,453",4860,73.3,"£470,000",339,796.7,0.3
Hillingdon - Northwood Hills,E05000336,"3,606",5475,74.3,"£413,500",332,724.6,0.5
Hillingdon - Pinkwell,E05000337,"5,704",6417,66.8,"£280,000",326,666.9,0.9
Hillingdon - South Ruislip,E05000338,"1,723",6448,77.5,"£305,000",327,678.3,0.3
Hillingdon - Townfield,E05000339,"4,171",5977,63.2,"£280,000",309,696.8,1
Hillingdon - Uxbridge North,E05000340,"2,772",5903,74,"£349,950",345,688.9,0.6
Hillingdon - Uxbridge South,E05000341,"4,758",6133,56.8,"£259,000",309,679.3,0.7
Hillingdon - West Drayton,E05000342,"4,257",6519,69,"£249,997",293,696.8,1.4
Hillingdon - West Ruislip,E05000343,"2,546",5421,78.2,"£335,000",340,732.1,0.4
Hillingdon - Yeading,E05000344,"6,087",5981,66.1,"£250,000",314,716.8,0.4
Hillingdon - Yiewsley,E05000345,"3,363",6051,68.2,"£225,000",290,675.4,1.6
Hounslow - Bedfont,E05000346,"2,966",6105,72.2,"£229,000",314,673.2,1.1
Hounslow - Brentford,E05000347,"4,828",7043,68,"£370,000",331,710.2,0.1
Hounslow - Chiswick Homefields,E05000348,"5,087",6077,76.1,"£772,500",345,729.5,0.4
Hounslow - Chiswick Riverside,E05000349,"5,643",6201,77.4,"£650,000",356,743.6,0.2
Hounslow - Cranford,E05000350,"4,722",5548,65.6,"£226,500",315,645.4,0.2
Hounslow - Feltham North,E05000351,"3,515",5500,71.6,"£270,000",319,651.8,0.6
Hounslow - Feltham West,E05000352,"4,969",7666,71.8,"£225,000",309,620.1,1.1
Hounslow - Hanworth,E05000353,"3,788",5265,66.9,"£250,000",293,579.2,0.5
Hounslow - Hanworth Park,E05000354,"3,347",5614,72.9,"£250,000",317,643.3,0.5
Hounslow - Heston Central,E05000355,"7,500",5584,66.6,"£348,000",334,701,0.6
Hounslow - Heston East,E05000356,"6,400",5745,67.5,"£248,000",337,702.7,0.4
Hounslow - Heston West,E05000357,"3,382",5161,62.2,"£280,000",323,665.7,1.5
Hounslow - Hounslow Central,E05000358,"9,441",7795,71.4,"£249,950",345,707.5,0.5
Hounslow - Hounslow Heath,E05000359,"5,446",6878,67.6,"£249,950",340,709.8,0.7
Hounslow - Hounslow South,E05000360,"6,556",5767,74.1,"£375,000",343,700.8,0.2
Hounslow - Hounslow West,E05000361,"8,438",6288,69.6,"£270,000",331,707.7,0.5
Hounslow - Isleworth,E05000362,"6,125",5827,70.6,"£301,000",316,679.5,0.7
Hounslow - Osterley and Spring Grove,E05000363,"2,135",6844,75.3,"£345,500",367,757.7,0.4
Hounslow - Syon,E05000364,"4,862",7063,73,"£365,000",318,672.2,0.5
Hounslow - Turnham Green,E05000365,"6,583",6354,77,"£634,000",344,714.9,0.2
Islington - Barnsbury,E05000366,"15,938",6292,68.1,"£715,000",320,621.1,0.1
Islington - Bunhill,E05000367,"14,455",6889,59.8,"£640,000",324,590.6,0.3
Islington - Caledonian,E05000368,"13,227",6494,61.7,"£447,500",312,682.3,1.9
Islington - Canonbury,E05000369,"15,438",6103,69.2,"£550,000",310,644,0.2
Islington - Clerkenwell,E05000370,"13,444",5721,62.6,"£732,500",301,606.1,0.2
Islington - Finsbury Park,E05000371,"16,556",6862,65.4,"£410,000",310,622.7,0.1
Islington - Highbury East,E05000372,"11,950",6350,74.5,"£667,500",343,741.9,1.4
Islington - Highbury West,E05000373,"14,364",8745,74.5,"£500,000",323,739.7,0.1
Islington - Hillrise,E05000374,"15,125",5560,65.7,"£447,500",316,693.6,1.2
Islington - Holloway,E05000375,"15,750",7305,63.9,"£405,000",312,624.4,0.2
Islington - Junction,E05000376,"12,600",6085,68.4,"£452,000",335,715.7,0.5
Islington - Mildmay,E05000377,"16,625",6556,68.6,"£525,000",330,635.4,0.5
Islington - St. George's,E05000378,"16,063",6282,67.8,"£495,645",329,686.2,0.5
Islington - St. Mary's,E05000379,"13,500",6476,73,"£650,000",331,692.9,0.2
Islington - St. Peter's,E05000380,"15,688",6277,70.4,"£667,500",302,607.1,0.5
Islington - Tollington,E05000381,"17,063",6770,68.5,"£465,000",326,629.4,0.5
Kensington and Chelsea - Abingdon,E05000382,"16,917",4823,66.2,"£1,295,000",357,649.7,0
Kensington and Chelsea - Brompton,E05000383,"8,700",4465,69.2,"£1,950,000",356,693.3,0.2
Kensington and Chelsea - Campden,E05000384,"8,944",4206,71.6,"£1,400,000",291,712.5,n/a
Kensington and Chelsea - Colville,E05000385,"20,625",4457,69.9,"£935,000",311,672.2,0.2
Kensington and Chelsea - Courtfield,E05000386,"17,700",4535,64.8,"£1,325,000",344,688.1,0.1
Kensington and Chelsea - Cremorne,E05000387,"13,250",3470,63,"£1,050,000",312,656.9,n/a
Kensington and Chelsea - Earl's Court,E05000388,"18,100",4973,68.5,"£783,250",359,713.3,0.2
Kensington and Chelsea - Golborne,E05000389,"10,111",3768,59.3,"£533,800",314,738.1,0.5
Kensington and Chelsea - Hans Town,E05000390,"14,417",4424,69.1,"£1,587,500",338,639.7,n/a
Kensington and Chelsea - Holland,E05000391,"9,600",4586,66.4,"£1,375,000",365,650.5,n/a
Kensington and Chelsea - Norland,E05000392,"12,214",3961,67.4,"£1,343,000",323,663.6,0.1
Kensington and Chelsea - Notting Barns,E05000393,"15,750",4036,61.8,"£776,000",330,667.6,0.3
Kensington and Chelsea - Pembridge,E05000394,"15,100",4288,74.8,"£1,127,500",386,787.5,0
Kensington and Chelsea - Queen's Gate,E05000395,"16,167",4971,66.3,"£1,745,000",377,626.6,0
Kensington and Chelsea - Redcliffe,E05000396,"13,000",5131,74.3,"£995,000",342,633.9,n/a
Kensington and Chelsea - Royal Hospital,E05000397,"7,944",3539,72.8,"£1,995,000",366,770.6,n/a
Kensington and Chelsea - St. Charles,E05000398,"13,286",4126,63.4,"£642,500",330,672,0.3
Kensington and Chelsea - Stanley,E05000399,"11,571",4239,73,"£1,100,000",345,599.3,n/a
Kingston upon Thames - Alexandra,E05000400,"3,537",4464,75.1,"£404,975",353,762.2,0.3
Kingston upon Thames - Berrylands,E05000401,"6,467",4813,74.8,"£361,125",343,733.7,0.3
Kingston upon Thames - Beverley,E05000402,"5,447",4807,71.6,"£435,000",372,761.5,0.7
Kingston upon Thames - Canbury,E05000403,"10,792",6529,74.9,"£449,500",368,801.5,0.2
Kingston upon Thames - Chessington North and Hook,E05000404,"4,711",4334,76.4,"£310,000",307,647,1.2
Kingston upon Thames - Chessington South,E05000405,"1,375",5291,78.5,"£315,000",321,643.4,0.6
Kingston upon Thames - Coombe Hill,E05000406,"2,421",4458,64.5,"£480,000",340,667.1,0.3
Kingston upon Thames - Coombe Vale,E05000407,"6,250",4619,72.4,"£480,000",367,810.4,0.1
Kingston upon Thames - Grove,E05000408,"6,105",5683,66.8,"£400,000",325,667.6,0.2
Kingston upon Thames - Norbiton,E05000409,"8,077",4973,68.2,"£341,750",308,677.3,0.2
Kingston upon Thames - Old Malden,E05000410,"5,361",4501,74,"£395,725",347,765.5,0.1
Kingston upon Thames - St. James,E05000411,"4,182",4061,71.9,"£443,568",355,729.9,0.7
Kingston upon Thames - St. Mark's,E05000412,"7,786",5872,69.4,"£395,350",336,725.5,0.4
Kingston upon Thames - Surbiton Hill,E05000413,"6,353",5705,78.2,"£396,770",362,682.4,0.3
Kingston upon Thames - Tolworth and Hook Rise,E05000414,"3,962",4993,76.2,"£337,195",338,714.3,0.7
Kingston upon Thames - Tudor,E05000415,"6,125",4674,76.9,"£550,000",379,810.1,0.1
Lambeth - Bishop's,E05000416,"7,067",5119,66.2,"£590,000",325,615.6,0.7
Lambeth - Brixton Hill,E05000417,"14,864",9214,75.3,"£420,000",312,642.6,0.2
Lambeth - Clapham Common,E05000418,"10,192",8007,80.3,"£620,000",296,674.1,0.5
Lambeth - Clapham Town,E05000419,"13,046",8628,80,"£610,000",311,684.8,0.4
Lambeth - Coldharbour,E05000420,"14,333",7874,64.9,"£435,000",306,617.7,0.4
Lambeth - Ferndale,E05000421,"17,556",9406,77,"£497,475",313,659.5,0.5
Lambeth - Gipsy Hill,E05000422,"8,625",6633,69.7,"£350,000",314,674.9,1.1
Lambeth - Herne Hill,E05000423,"7,700",8459,75.3,"£432,500",324,704.1,0.1
Lambeth - Knight's Hill,E05000424,"9,967",6876,68.8,"£355,000",322,661,0.3
Lambeth - Larkhall,E05000425,"16,182",9777,73.5,"£430,000",309,633.3,1.1
Lambeth - Oval,E05000426,"12,269",8847,74.3,"£699,995",322,662.2,0.4
Lambeth - Prince's,E05000427,"12,458",7480,71.1,"£495,000",334,663.6,0.1
Lambeth - St. Leonard's,E05000428,"10,643",8292,75.6,"£340,000",341,728.5,0.3
Lambeth - Stockwell,E05000429,"16,778",7863,71.2,"£391,375",314,634.4,0.3
Lambeth - Streatham Hill,E05000430,"11,308",7798,74.6,"£359,000",316,710.5,0.2
Lambeth - Streatham South,E05000431,"8,559",6900,70.4,"£375,000",328,663.1,0.3
Lambeth - Streatham Wells,E05000432,"10,067",8008,74.2,"£345,875",311,652.4,0.2
Lambeth - Thornton,E05000433,"12,046",6647,74.3,"£511,250",319,671.8,0.4
Lambeth - Thurlow Park,E05000434,"9,133",7074,74,"£412,748",305,674.1,0.5
Lambeth - Tulse Hill,E05000435,"16,000",8054,70.5,"£417,000",292,633.8,0.6
Lambeth - Vassall,E05000436,"13,591",7157,67.6,"£395,000",317,653.5,1.9
Lewisham - Bellingham,E05000437,"4,855",6198,64.9,"£265,000",295,659.4,0.7
Lewisham - Blackheath,E05000438,"6,304",7360,74.1,"£385,000",296,717.5,0.4
Lewisham - Brockley,E05000439,"10,559",9571,71.3,"£330,000",312,624.5,0.5
Lewisham - Catford South,E05000440,"8,158",7172,70.2,"£332,500",311,682.3,0.1
Lewisham - Crofton Park,E05000441,"8,882",7876,73.9,"£455,000",314,684.5,0.3
Lewisham - Downham,E05000442,"6,146",5793,63.6,"£242,500",290,689.4,0.8
Lewisham - Evelyn,E05000443,"9,778",7482,63.7,"£315,000",305,613.7,0.4
Lewisham - Forest Hill,E05000444,"8,389",7528,73.6,"£340,000",333,650.5,0.8
Lewisham - Grove Park,E05000445,"6,208",6764,69.3,"£250,000",308,670.7,0.6
Lewisham - Ladywell,E05000446,"9,281",7447,70.5,"£370,000",319,706.2,0.4
Lewisham - Lee Green,E05000447,"8,222",7639,75.1,"£402,500",334,743.1,0.1
Lewisham - Lewisham Central,E05000448,"8,976",8895,69.6,"£290,000",303,643.6,0.5
Lewisham - New Cross,E05000449,"9,306",7520,64.6,"£242,000",299,583.1,0.6
Lewisham - Perry Vale,E05000450,"9,324",7946,72.9,"£355,000",314,682.2,0.3
Lewisham - Rushey Green,E05000451,"8,778",6818,66.2,"£270,000",301,659.5,1.3
Lewisham - Sydenham,E05000452,"9,353",7327,69.1,"£350,000",308,632.2,0.1
Lewisham - Telegraph Hill,E05000453,"11,233",8512,70.6,"£360,000",313,650.3,0.2
Lewisham - Whitefoot,E05000454,"6,659",5802,64.8,"£248,000",302,669,0.6
Merton - Abbey,E05000455,"7,607",6284,80.3,"£482,500",332,726,0.3
Merton - Cannon Hill,E05000456,"4,341",4665,75.9,"£455,000",364,744.3,0.4
Merton - Colliers Wood,E05000457,"10,182",6385,76.7,"£350,000",335,639.5,0.3
Merton - Cricket Green,E05000458,"3,933",4967,65.7,"£245,000",296,657.7,1.2
Merton - Dundonald,E05000459,"8,000",5683,83.2,"£565,000",392,813.5,0.1
Merton - Figge's Marsh,E05000460,"10,546",5036,66.3,"£250,000",316,603.4,0.2
Merton - Graveney,E05000461,"11,222",4981,71.6,"£388,000",333,652.5,0
Merton - Hillside,E05000462,"7,708",5194,79.8,"£563,750",372,730.6,0
Merton - Lavender Fields,E05000463,"8,875",5393,72.6,"£280,000",301,671.7,0.4
Merton - Longthornton,E05000464,"6,967",4737,69.9,"£295,000",319,668.1,0.3
Merton - Lower Morden,E05000465,"5,194",4660,78.1,"£320,000",335,700.3,0.3
Merton - Merton Park,E05000466,"5,444",4702,75.2,"£522,500",381,778.5,0.4
Merton - Pollards Hill,E05000467,"4,864",4560,67.8,"£288,000",313,645.9,0.7
Merton - Ravensbury,E05000468,"5,694",4489,69,"£285,000",313,650.9,0.4
Merton - Raynes Park,E05000469,"5,263",5072,77.6,"£499,500",341,790.3,0.3
Merton - St. Helier,E05000470,"5,944",4703,69.4,"£280,000",330,681.6,0.2
Merton - Trinity,E05000471,"9,136",5925,80.7,"£497,000",343,686,0
Merton - Village,E05000472,"1,411",3730,71.3,"£1,530,000",389,831.1,n/a
Merton - West Barnes,E05000473,"5,075",4990,76.5,"£475,000",363,731.1,0.2
Merton - Wimbledon Park,E05000474,"5,022",6198,78.4,"£732,500",340,730.8,0.1
Newham - Beckton,E05000475,"2,540",6682,60.3,"£233,500",306,700.6,1.1
Newham - Boleyn,E05000476,"18,056",6291,58.2,"£250,000",325,663.7,0.4
Newham - Canning Town North,E05000477,"6,300",6103,59.5,"£249,000",306,624.8,4.3
Newham - Canning Town South,E05000478,"10,167",7403,64.4,"£280,000",299,631.6,1
Newham - Custom House,E05000479,"6,738",5839,62.8,"£250,000",299,628,1.2
Newham - East Ham Central,E05000480,"16,200",6503,58,"£250,000",311,660.6,0.7
Newham - East Ham North,E05000481,"15,722",5482,56.3,"£249,995",323,658.9,0.3
Newham - East Ham South,E05000482,"8,861",5952,59,"£240,000",312,658.8,0.6
Newham - Forest Gate North,E05000483,"13,750",7545,64.7,"£313,000",331,633,0.8
Newham - Forest Gate South,E05000484,"14,875",7985,62.1,"£263,900",316,648.1,0.7
Newham - Green Street East,E05000485,"23,071",6341,55.4,"£260,000",316,685.8,0.3
Newham - Green Street West,E05000486,"19,188",5873,54.3,"£250,000",321,651.6,0.6
Newham - Little Ilford,E05000487,"8,921",5774,53,"£230,000",315,630,0.7
Newham - Manor Park,E05000488,"11,923",5936,55.8,"£249,975",329,654.9,0.5
Newham - Plaistow North,E05000489,"15,700",6260,58.4,"£250,000",319,662.6,0.4
Newham - Plaistow South,E05000490,"11,893",6921,61.8,"£250,000",314,640.8,0.8
Newham - Royal Docks,E05000491,"2,844",5750,71.9,"£303,500",306,603.4,0.5
Newham - Stratford and New Town,E05000492,"5,333",9665,68.9,"£280,000",309,604.2,0.8
Newham - Wall End,E05000493,"10,750",5786,57.1,"£250,000",303,636.6,0.3
Newham - West Ham,E05000494,"12,269",7002,63.1,"£273,500",308,649.7,0.5
Redbridge - Aldborough,E05000495,"1,797",6327,67.4,"£315,000",340,694.7,0.2
Redbridge - Barkingside,E05000496,"8,767",5513,67.3,"£368,750",357,762,0.2
Redbridge - Bridge,E05000497,"4,596",5683,73.2,"£340,000",323,625.4,0.2
Redbridge - Chadwell,E05000498,"9,900",6343,68.4,"£250,000",329,657.9,0.2
Redbridge - Church End,E05000499,"7,967",6381,79.3,"£340,000",344,768.1,0
Redbridge - Clayhall,E05000500,"5,480",5723,67.8,"£390,000",372,778.5,0.2
Redbridge - Clementswood,E05000501,"12,423",5459,56.5,"£235,000",330,617.5,0.4
Redbridge - Cranbrook,E05000502,"5,563",5349,62.8,"£367,500",355,659.1,0.5
Redbridge - Fairlop,E05000503,"3,611",5906,70.8,"£310,000",324,647.3,0
Redbridge - Fullwell,E05000504,"6,046",5407,66.7,"£339,498",333,731.8,0.1
Redbridge - Goodmayes,E05000505,"8,438",5407,61,"£307,000",319,661.2,0.7
Redbridge - Hainault,E05000506,"2,411",5304,65.1,"£249,999",305,616.3,0.5
Redbridge - Loxford,E05000507,"13,423",5618,53.5,"£193,000",340,642.4,0.5
Redbridge - Mayfield,E05000508,"7,395",5561,63.5,"£305,000",339,687.9,0.1
Redbridge - Monkhams,E05000509,"3,452",4950,76.2,"£499,748",370,669.5,0.2
Redbridge - Newbury,E05000510,"8,310",6931,63.2,"£315,000",348,725.2,0.4
Redbridge - Roding,E05000511,"5,435",5951,73.8,"£302,500",330,657.1,0.4
Redbridge - Seven Kings,E05000512,"7,810",6066,60.1,"£294,000",332,649.3,0.3
Redbridge - Snaresbrook,E05000513,"6,100",6214,78.1,"£361,393",371,696.4,0.2
Redbridge - Valentines,E05000514,"9,900",5758,60.6,"£225,000",341,721.5,0.3
Redbridge - Wanstead,E05000515,"2,279",5688,74.5,"£460,000",344,746.1,0.8
Richmond upon Thames - Barnes,E05000516,"3,500",4839,72.3,"£1,362,500",328,751.5,0
Richmond upon Thames - East Sheen,E05000517,"1,810",5108,78.2,"£985,000",396,796.2,0.2
Richmond upon Thames - Fulwell and Hampton Hill,E05000518,"5,421",5350,79.6,"£480,000",374,796,0.1
"Richmond upon Thames - Ham, Petersham & Richmond Riverside",E05000519,"1,122",4857,73.4,"£500,000",338,799.3,0.7
Richmond upon Thames - Hampton,E05000520,"1,478",4999,77.2,"£599,950",343,791,0.3
Richmond upon Thames - Hampton North,E05000521,"5,053",4482,73.5,"£335,000",310,684.9,0.4
Richmond upon Thames - Hampton Wick,E05000522,"3,889",4950,73.1,"£455,000",374,824.6,0
Richmond upon Thames - Heathfield,E05000523,"5,553",4752,70.8,"£380,500",324,640.2,0.6
Richmond upon Thames - Kew,E05000524,"3,236",5807,77.1,"£630,000",363,732.1,0.4
Richmond upon Thames - Mortlake and Barnes Common,E05000525,"5,816",5800,77.9,"£746,500",342,728.6,0.4
Richmond upon Thames - North Richmond,E05000526,"3,911",5695,78.4,"£625,625",360,769.6,0.2
Richmond upon Thames - St. Margarets & North Twickenham,E05000527,"5,775",6200,80.8,"£600,000",369,759.7,0.3
Richmond upon Thames - South Richmond,E05000528,"4,093",5715,76,"£655,000",361,666.6,0.1
Richmond upon Thames - South Twickenham,E05000529,"5,971",5458,76.8,"£555,500",376,813.8,0.2
Richmond upon Thames - Teddington,E05000530,"2,454",5564,79.9,"£499,950",378,797.2,0.1
Richmond upon Thames - Twickenham Riverside,E05000531,"5,325",5916,80.7,"£458,725",366,806.1,0.3
Richmond upon Thames - West Twickenham,E05000532,"4,280",5568,79.5,"£450,000",334,726,0.4
Richmond upon Thames - Whitton,E05000533,"6,250",4802,76.5,"£420,000",341,722.2,0.5
Southwark - Brunswick Park,E05000534,"14,833",6446,66.8,"£346,500",316,639.9,0.6
Southwark - Camberwell Green,E05000535,"15,450",6937,64.6,"£310,000",304,628.4,1
Southwark - Cathedrals,E05000536,"9,028",7697,62.9,"£580,000",313,602.1,0.7
Southwark - Chaucer,E05000537,"19,750",8056,66.4,"£442,000",318,628.9,0.1
Southwark - College,E05000538,"3,688",5705,71.1,"£350,000",324,627.9,0.4
Southwark - East Dulwich,E05000539,"12,250",7196,79.2,"£572,500",334,669.7,0.2
Southwark - East Walworth,E05000540,"11,546",5291,62.5,"£315,000",320,594.9,0.3
Southwark - Faraday,E05000541,"14,333",5581,62.3,"£315,000",320,651.6,1.4
Southwark - Grange,E05000542,"13,750",8428,69.1,"£500,000",322,639.1,0.8
Southwark - Livesey,E05000543,"10,357",5742,60.3,"£289,995",314,629.1,0.6
Southwark - Newington,E05000544,"18,563",6957,66.3,"£380,000",320,666.6,0.9
Southwark - Nunhead,E05000545,"10,539",6328,65,"£356,250",325,627.7,0.6
Southwark - Peckham,E05000546,"16,667",6258,61.2,"£285,000",321,652.2,0.5
Southwark - Peckham Rye,E05000547,"5,848",7263,74.9,"£421,000",330,667.9,0.1
Southwark - Riverside,E05000548,"11,923",8745,74.9,"£585,000",298,610,0.4
Southwark - Rotherhithe,E05000549,"9,600",7175,69.3,"£421,800",312,680.5,0.7
Southwark - South Bermondsey,E05000550,"14,050",6452,64.8,"£288,025",310,622.1,0.3
Southwark - South Camberwell,E05000551,"9,885",6543,70.7,"£396,089",325,675.8,0.2
Southwark - Surrey Docks,E05000552,"7,605",8567,77.7,"£415,000",319,679.7,1.4
Southwark - The Lane,E05000553,"11,357",7623,68.9,"£407,500",309,648.8,0.4
Southwark - Village,E05000554,"4,446",6258,77.2,"£850,000",357,783.3,0
Sutton - Beddington North,E05000555,"2,110",5250,77.2,"£289,000",341,796.7,0.3
Sutton - Beddington South,E05000556,"3,548",4718,69.1,"£386,000",320,751.9,0.6
Sutton - Belmont,E05000557,"4,500",5042,76.2,"£290,000",369,746.8,0.2
Sutton - Carshalton Central,E05000558,"5,200",5302,78.6,"£318,000",360,761,0.3
Sutton - Carshalton South and Clockhouse,E05000559,"1,423",4741,76.5,"£419,995",360,745.2,0.3
Sutton - Cheam,E05000560,"2,705",4749,76.4,"£376,000",364,821.8,0.3
Sutton - Nonsuch,E05000561,"5,737",5402,79.1,"£388,500",357,743.1,0.2
Sutton - St. Helier,E05000562,"8,200",5418,69.6,"£248,000",311,634.7,0.4
Sutton - Stonecot,E05000563,"5,500",5420,77.9,"£347,500",351,732.8,0.8
Sutton - Sutton Central,E05000564,"8,769",5793,75.6,"£240,000",314,713.1,2
Sutton - Sutton North,E05000565,"5,605",4959,75.6,"£300,500",344,766,0.2
Sutton - Sutton South,E05000566,"7,654",5073,78.1,"£250,000",338,854.1,0
Sutton - Sutton West,E05000567,"6,056",5686,79.3,"£270,000",352,706.1,0.1
Sutton - The Wrythe,E05000568,"7,000",5289,77.5,"£257,500",332,660.8,0.5
Sutton - Wallington North,E05000569,"6,844",5531,76.8,"£272,000",349,719.7,0.4
Sutton - Wallington South,E05000570,"6,235",4886,74.2,"£246,000",377,759.7,0.1
Sutton - Wandle Valley,E05000571,"5,762",5601,72,"£243,500",306,674.1,0.7
Sutton - Worcester Park,E05000572,"5,975",6052,78.9,"£338,000",336,761.2,0.6
Tower Hamlets - Bethnal Green North,E05000573,"17,813",6580,64.6,"£383,000",323,651.5,0.9
Tower Hamlets - Bethnal Green South,E05000574,"16,333",5934,55.9,"£357,500",309,681.7,1.6
Tower Hamlets - Blackwall and Cubitt Town,E05000575,"7,117",10684,70.8,"£380,000",305,679.7,1.1
Tower Hamlets - Bow East,E05000576,"8,026",7655,68.9,"£325,000",295,636.5,2.1
Tower Hamlets - Bow West,E05000577,"10,231",6262,66.3,"£415,000",323,676.1,1.3
Tower Hamlets - Bromley-by-Bow,E05000578,"15,500",5386,55.1,"£302,500",310,667.5,2.1
Tower Hamlets - East India and Lansbury,E05000579,"13,000",5124,52.9,"£293,000",290,633,2.6
Tower Hamlets - Limehouse,E05000580,"15,000",7314,64,"£375,000",309,619.1,1.6
Tower Hamlets - Mile End and Globe Town,E05000581,"17,556",6271,55.4,"£385,000",334,647.4,1.1
Tower Hamlets - Mile End East,E05000582,"12,955",5276,56.1,"£325,000",320,679.6,1.8
Tower Hamlets - Millwall,E05000583,"9,860",13759,73.6,"£420,000",313,693.1,0.3
Tower Hamlets - St. Dunstan's and Stepney Green,E05000584,"16,650",6098,55.4,"£363,250",325,697.1,0.7
Tower Hamlets - St. Katherine's and Wapping,E05000585,"8,633",7619,76.5,"£453,000",324,694.5,0.5
Tower Hamlets - Shadwell,E05000586,"15,450",6534,60.7,"£370,000",320,695,1
Tower Hamlets - Spitalfields and Banglatown,E05000587,"18,417",5055,60.9,"£499,995",338,643.2,0.5
Tower Hamlets - Weavers,E05000588,"17,688",6693,67,"£510,000",321,644.5,0.6
Tower Hamlets - Whitechapel,E05000589,"17,889",7530,65,"£489,000",324,690,1.1
Waltham Forest - Cann Hall,E05000590,"15,833",6265,63.8,"£326,000",312,611.3,0.5
Waltham Forest - Cathall,E05000591,"12,000",5715,62.7,"£332,500",312,648.5,0.5
Waltham Forest - Chapel End,E05000592,"8,056",6595,68.9,"£340,000",322,704.3,0.6
Waltham Forest - Chingford Green,E05000593,"2,851",4570,73.4,"£330,000",332,714.8,0.5
Waltham Forest - Endlebury,E05000594,"5,525",4871,70.4,"£310,000",342,781.7,0.2
Waltham Forest - Forest,E05000595,"6,550",5861,65.2,"£401,000",307,673.2,0.6
Waltham Forest - Grove Green,E05000596,"16,833",7587,70.3,"£308,000",306,690.8,0.3
Waltham Forest - Hale End and Highams Park,E05000597,"5,196",5319,71.1,"£288,748",322,706.2,0
Waltham Forest - Hatch Lane,E05000598,"4,729",4914,69.9,"£286,500",326,710.2,0.4
Waltham Forest - High Street,E05000599,"4,726",7146,69.4,"£333,000",328,670.4,1
Waltham Forest - Higham Hill,E05000600,"4,328",5608,62.6,"£325,000",307,650.4,0.7
Waltham Forest - Hoe Street,E05000601,"13,091",6453,66.1,"£360,000",321,643.6,0.4
Waltham Forest - Larkswood,E05000602,"5,619",5104,69.6,"£335,000",312,718.1,0.3
Waltham Forest - Lea Bridge,E05000603,"6,192",6671,62.8,"£283,250",313,674.1,0.2
Waltham Forest - Leyton,E05000604,"7,400",5956,61.5,"£255,000",295,629.4,1.1
Waltham Forest - Leytonstone,E05000605,"10,269",6887,70.3,"£345,000",317,681.5,0.5
Waltham Forest - Markhouse,E05000606,"9,733",6044,64.2,"£324,000",301,635.3,1.3
Waltham Forest - Valley,E05000607,"5,900",5100,68.1,"£285,000",319,645.9,0.5
Waltham Forest - William Morris,E05000608,"13,650",6291,68.1,"£351,625",318,679.1,0.7
Waltham Forest - Wood Street,E05000609,"7,694",5974,66.2,"£387,500",331,650.6,0.3
Wandsworth - Balham,E05000610,"12,375",9369,83,"£595,000",348,757.9,0.2
Wandsworth - Bedford,E05000611,"8,222",9077,80,"£496,500",348,645.5,0.1
Wandsworth - Earlsfield,E05000612,"11,214",9556,79,"£541,000",326,700.3,0.1
Wandsworth - East Putney,E05000613,"9,625",9292,81.7,"£534,000",316,644.5,0.3
Wandsworth - Fairfield,E05000614,"9,967",9882,83.9,"£500,000",340,793.1,0.1
Wandsworth - Furzedown,E05000615,"11,179",7450,70.6,"£410,000",340,661.4,0.2
Wandsworth - Graveney,E05000616,"15,400",8095,72.6,"£440,000",329,739,0.1
Wandsworth - Latchmere,E05000617,"14,182",7869,70.6,"£398,500",319,680.5,1
Wandsworth - Nightingale,E05000618,"12,292",8864,81.3,"£595,000",318,761.9,0.5
Wandsworth - Northcote,E05000619,"8,853",9397,83.9,"£795,000",342,753.3,0.1
Wandsworth - Queenstown,E05000620,"5,719",9607,75.4,"£630,000",315,646.5,0.7
Wandsworth - Roehampton,E05000621,"3,864",6856,59.8,"£374,950",297,613.5,0.5
Wandsworth - St. Mary's Park,E05000622,"12,071",9696,77.4,"£530,000",313,717.6,0.4
Wandsworth - Shaftesbury,E05000623,"15,944",9354,83,"£700,000",324,671.3,0.1
Wandsworth - Southfields,E05000624,"10,933",9716,80.9,"£515,250",338,735.9,0.1
Wandsworth - Thamesfield,E05000625,"7,921",9409,83.4,"£700,000",345,719.3,0.1
Wandsworth - Tooting,E05000626,"10,563",8038,67.7,"£440,500",322,732.9,0.1
Wandsworth - Wandsworth Common,E05000627,"5,607",7925,71,"£568,000",341,724.9,1.3
Wandsworth - West Hill,E05000628,"9,765",8595,73.1,"£395,000",309,730.8,0.1
Wandsworth - West Putney,E05000629,"8,389",7376,72.6,"£497,800",328,678.6,0.3
Westminster - Abbey Road,E05000630,"10,318",5233,67.9,"£750,000",329,627.8,0.2
Westminster - Bayswater,E05000631,"20,700",5977,73.9,"£850,000",344,557.3,n/a
Westminster - Bryanston and Dorset Square,E05000632,"17,643",6295,66.6,"£975,000",358,680.6,0
Westminster - Churchill,E05000633,"16,750",4085,63.4,"£1,100,000",344,644.1,0
Westminster - Church Street,E05000634,"29,750",3744,48.7,"£440,000",318,667.2,0.2
Westminster - Harrow Road,E05000635,"24,300",5533,63.4,"£499,950",333,645.2,n/a
Westminster - Hyde Park,E05000636,"13,000",6014,62.4,"£850,000",336,736.1,0.1
Westminster - Knightsbridge and Belgravia,E05000637,"2,736",3947,56.5,"£3,500,000",341,678.8,0.2
Westminster - Lancaster Gate,E05000638,"22,417",7523,71.2,"£895,000",349,791.9,0.1
Westminster - Little Venice,E05000639,"18,000",5384,69.4,"£870,000",304,712,0
Westminster - Maida Vale,E05000640,"17,167",5243,70.4,"£773,000",323,750.7,0
Westminster - Marylebone High Street,E05000641,"10,750",5902,71.4,"£1,090,000",390,871.4,0.2
Westminster - Queen's Park,E05000642,"21,250",5088,59,"£545,000",315,674.9,0.2
Westminster - Regent's Park,E05000643,"5,326",5153,62.4,"£942,500",297,758.1,0.1
Westminster - St. James's,E05000644,"3,271",5879,67.7,"£1,262,500",353,598.9,0.6
Westminster - Tachbrook,E05000645,"20,750",4531,75.2,"£715,650",368,689.8,0.7
Westminster - Vincent Square,E05000646,"14,714",5023,69,"£840,000",326,639.4,0.2
Westminster - Warwick,E05000647,"15,917",5388,73.8,"£857,250",310,715.3,0.5
Westminster - Westbourne,E05000648,"18,500",5173,59,"£499,975",339,676,0.5
Westminster - West End,E05000649,"5,475",6124,71.3,"£1,487,500",363,720.7,0.4
City of London,E09000001,"2,538",4555,79.6,"£765,000",355,662.9,0.4
Barking and Dagenham,E09000002,"5,174",74001,62.6,"£215,000",307,658.9,0.9
Barnet,E09000003,"4,265",164302,70,"£400,000",339,717.2,0.2
Bexley,E09000004,"3,679",107274,72.9,"£250,000",323,706,0.7
Brent,E09000005,"7,406",144030,66.7,"£385,000",319,680.4,0.2
Bromley,E09000006,"2,114",146448,74.4,"£335,000",337,746,0.6
Camden,E09000007,"10,482",105123,65.3,"£675,000",319,669.6,0.3
Croydon,E09000008,"4,313",168680,70.3,"£265,000",317,695.8,0.5
Ealing,E09000009,"6,209",161259,69.1,"£388,000",324,706.1,0.3
Enfield,E09000010,"3,922",133872,65.7,"£285,000",321,680.9,0.5
Greenwich,E09000011,"5,210",115561,66.8,"£317,000",316,702.9,0.6
Hackney,E09000012,"13,472",116980,65.8,"£433,000",321,677.5,0.4
Hammersmith and Fulham,E09000013,"10,552",97453,71.4,"£661,000",318,658.3,0.2
Haringey,E09000014,"8,888",121835,67.5,"£405,000",320,684.5,0.4
Harrow,E09000015,"4,872",110158,70,"£370,000",337,730.8,0.2
Havering,E09000016,"2,119",109624,72.8,"£250,000",318,655,0.8
Hillingdon,E09000017,"2,485",127046,69.9,"£307,000",323,701.5,0.7
Hounslow,E09000018,"4,670",124325,70.8,"£319,950",327,681.3,0.5
Islington,E09000019,"14,532",104767,67.5,"£530,000",320,661.5,0.5
Kensington and Chelsea,E09000020,"12,573",77998,67.7,"£1,195,000",332,685.5,0.1
Kingston upon Thames,E09000021,"4,466",79777,72.9,"£385,000",345,729.7,0.4
Lambeth,E09000022,"11,517",164113,72.9,"£420,000",316,661.4,0.5
Lewisham,E09000023,"8,097",133650,69.4,"£315,000",308,662.9,0.5
Merton,E09000024,"5,460",102354,74.3,"£385,000",331,688.6,0.3
Newham,E09000025,"8,384",131093,60.3,"£250,000",313,647.2,0.8
Redbridge,E09000026,"5,135",121539,66.5,"£301,500",339,686.8,0.3
Richmond upon Thames,E09000027,"3,256",95862,76.8,"£535,000",350,750.8,0.3
Southwark,E09000028,"9,977",145248,68.3,"£420,000",319,648.3,0.6
Sutton,E09000029,"4,480",94912,76,"£285,000",342,738.6,0.4
Tower Hamlets,E09000030,"12,565",119774,63.6,"£383,000",315,667.1,1.2
Waltham Forest,E09000031,"6,897",118931,67,"£320,000",317,676,0.5
Wandsworth,E09000032,"8,854",175423,76.6,"£532,500",326,698.7,0.3
Westminster,E09000033,"10,286",107239,66.1,"£875,000",330,680.5,0.2
,,,,,,,,